{"EGLL": [51.470748, -0.459909], "KLAX": [33.942501, -118.407997], "KORD": [41.9786, -87.9048], "KJFK": [40.639447, -73.779317], "KATL": [33.6367, -84.428101], "LFPG": [49.00896, 2.554117], "EHAM": [52.308601, 4.76389], "KSFO": [37.619806, -122.374821], "EDDF": [50.026706, 8.55835], "KDFW": [32.896801, -97.038002], "KEWR": [40.6894, -74.170545], "KLAS": [36.083361, -115.151817], "KMCO": [28.429399490356445, -81.30899810791016], "KDEN": [39.860027, -104.673792], "KMIA": [25.796011, -80.289751], "KIAD": [38.9445, -77.455803], "KLGA": [40.777199, -73.872597], "KSEA": [47.447943, -122.310276], "KBOS": [42.36197, -71.0079], "KPHX": [33.435302, -112.005905], "KPHL": [39.871899, -75.241096], "KCLT": [35.2140007019043, -80.94309997558594], "EGKK": [51.148744, -0.185739], "KIAH": [29.9844, -95.3414], "KDCA": [38.8521, -77.037697], "KDTW": [42.21377, -83.353786], "KMSP": [44.880081, -93.221741], "CYYZ": [43.675935, -79.629421], "EDDM": [48.353802, 11.7861], "LEBL": [41.2971, 2.07846], "LIRF": [41.804532, 12.251998], "LEMD": [40.493407, -3.572249], "KSLC": [40.78886, -111.979866], "KMDW": [41.785999, -87.752403], "KFLL": [26.072599, -80.152702], "EIDW": [53.428713, -6.262121], "KSAN": [32.733601, -117.190002], "LSZH": [47.458056, 8.548056], "EKCH": [55.617900848389, 12.656000137329], "EBBR": [50.901402, 4.48444], "LOWW": [48.110298, 16.5697], "OMDB": [25.24979, 55.370992], "KSTL": [38.748697, -90.370003], "CYVR": [49.193901, -123.183998], "WSSS": [1.35019, 103.994003], "PHNL": [21.318387, -157.92567], "RJAA": [35.76858, 140.388714], "KPDX": [45.588699, -122.598], "CYUL": [45.467837, -73.742294], "KTPA": [27.9755, -82.533203], "VHHH": [22.31184, 113.914862], "ESSA": [59.64849, 17.928829], "LKPR": [50.100874, 14.259911], "KCVG": [39.048801, -84.667801], "YSSY": [-33.946098, 151.177002], "VTBS": [13.6811, 100.747002], "MMUN": [21.040817, -86.87347], "LIMC": [45.6306, 8.72811], "KAUS": [30.197535, -97.662015], "LHBP": [47.43018, 19.262393], "KRDU": [35.878659, -78.7873], "ENGM": [60.193901, 11.1004], "EFHK": [60.318363, 24.963341], "KSJC": [37.362452, -121.929188], "LTBA": [40.971913, 28.823714], "KOAK": [37.720085, -122.221184], "KSNA": [33.675063, -117.869281], "KMCI": [39.301699, -94.713893], "ZBAA": [40.077349, 116.596702], "LSGG": [46.238098, 6.10895], "LFPO": [48.729499, 2.358963], "WMKK": [2.74558, 101.709999], "KCLE": [41.411701, -81.8498], "KDAL": [32.844776, -96.847653], "KHOU": [29.645336, -95.276812], "EDDL": [51.289501, 6.76678], "CYYC": [51.118822, -114.009933], "EGGW": [51.874699, -0.368333], "EPWA": [52.165699, 20.9671], "LEPA": [39.551701, 2.73881], "RKSI": [37.469101, 126.450996], "MMMX": [19.435822, -99.07033], "LFMN": [43.658401, 7.21587], "KCMH": [39.998001, -82.891899], "VIDP": [28.55563, 77.09519], "ZSPD": [31.1434, 121.805], "YMML": [-37.670732, 144.837898], "TJSJ": [18.4394, -66.001801], "RJTT": [35.549678, 139.786958], "FAOR": [-26.140081, 28.246801], "EDDH": [53.630402, 9.98823], "LLBG": [32.011398, 34.8867], "KBDL": [41.938555, -72.688016], "PANC": [61.179004, -149.992561], "VTBD": [13.9126, 100.607002], "NZAA": [-37.01199, 174.786331], "OTHH": [25.273056, 51.608056], "RCTP": [25.0777, 121.233002], "HECA": [30.111534, 31.396694], "KOKC": [35.393388, -97.598248], "LMML": [35.845932, 14.491546], "PHOG": [20.896263, -156.431837], "LIML": [45.445099, 9.27674], "WADD": [-8.748409, 115.167123], "VABB": [19.088699, 72.867897], "YBBN": [-27.38419914245605, 153.11700439453125], "KBUR": [34.202834, -118.35805], "RPLL": [14.5086, 121.019997], "GCLP": [27.9319, -15.3866], "KPBI": [26.683201, -80.095596], "KOMA": [41.3032, -95.894096], "KPVD": [41.725038, -71.425668], "EVRA": [56.920752, 23.970711], "FACT": [-33.97403, 18.604333], "SCEL": [-33.393001556396484, -70.78579711914062], "LROP": [44.571792, 26.103285], "CYEG": [53.3097, -113.580002], "PHKO": [19.738783, -156.045603], "VTSP": [8.113257, 98.3174], "RJBB": [34.427299, 135.244003], "KBHM": [33.562877, -86.750712], "VVTS": [10.8188, 106.652], "LIRA": [41.798769, 12.595331], "KHPN": [41.06700134277344, -73.70760345458984], "KBOI": [43.5644, -116.223], "LPFR": [37.015909, -7.970939], "LTAI": [36.898701, 30.800501], "WIII": [-6.12557, 106.655998], "LYBE": [44.818401, 20.309099], "KDSM": [41.534027, -93.656719], "LFML": [43.438088, 5.2125], "LTFJ": [40.898602, 29.3092], "KGEG": [47.6199, -117.533997], "LFSB": [47.60068, 7.521117], "LDZA": [45.742901, 16.0688], "SKBO": [4.70159, -74.1469], "KTUL": [36.197084, -95.886225], "MYNN": [25.039, -77.466202], "VVNB": [21.221201, 105.806999], "EDDB": [52.361738, 13.502341], "EETN": [59.413246, 24.83264], "NZCH": [-43.489029, 172.532065], "PHLI": [21.974393, -159.337146], "LBSF": [42.696357, 23.417671], "SPZO": [-13.535699844400002, -71.9387969971], "ZGGG": [23.392401, 113.299004], "LJLJ": [46.223701, 14.4576], "EYVI": [54.634102, 25.285801], "KTEB": [40.850101, -74.060799], "VTCC": [18.7667999268, 98.962600708], "ZSSS": [31.198104, 121.33426], "VOMM": [12.990005, 80.169296], "SABE": [-34.559419, -58.415536], "KDAB": [29.18255, -81.059464], "MMSD": [23.151919, -109.720731], "VOBL": [13.1979, 77.706299], "KHSV": [34.636244, -86.774378], "YPAD": [-34.947512, 138.533393], "PHTO": [19.72135, -155.045428], "SBSP": [-23.627657, -46.654601], "RKSS": [37.5583, 126.791], "KVNY": [34.209801, -118.489998], "LZIB": [48.1702, 17.2127], "KAPA": [39.57009888, -104.848999], "VRMM": [4.19183, 73.529099], "LGSR": [36.400045, 25.478638], "KPDK": [33.87633, -84.30213], "LIPX": [45.394955, 10.887303], "LIMF": [45.200802, 7.64963], "OTBD": [25.259431, 51.565528], "SBRJ": [-22.910397, -43.16282], "KFAR": [46.9207, -96.815804], "KBZN": [45.778853, -111.153711], "TBPB": [13.074667, -59.491034], "ZLXY": [34.442207, 108.762385], "SBBR": [-15.869167, -47.920834], "KSDL": [33.622898101807, -111.91100311279], "KMLB": [28.102009, -80.641088], "OEJN": [21.680241, 39.157436], "VVDN": [16.0439, 108.198997], "RJOO": [34.780853, 135.440829], "WMKP": [5.296303, 100.276185], "KASE": [39.223202, -106.869003], "KOPF": [25.907, -80.278397], "OLBA": [33.819833, 35.487443], "KMSO": [46.915816, -114.091107], "ZGSZ": [22.639474, 113.803262], "LFPB": [48.962276, 2.436539], "KBIS": [46.772734, -100.746874], "RPVM": [10.309261, 123.97974], "SKCG": [10.4424, -75.513], "VOHS": [17.231318, 78.429855], "VECC": [22.654012, 88.44765], "MMMY": [25.778521, -100.106989], "RJCC": [42.774753, 141.690414], "ZUUU": [30.558257, 103.945966], "KGPT": [30.405582, -89.069836], "UBBB": [40.47278, 50.050931], "MRLB": [10.5933, -85.544403], "RJFF": [33.585899353027344, 130.4510040283203], "KGTF": [47.481998, -111.371002], "OERK": [24.9576, 46.698799], "KEGE": [39.64260101, -106.9179993], "KTMB": [25.6479, -80.4328], "UAAA": [43.354267, 77.042828], "GCXO": [28.482752, -16.341707], "LOWG": [46.9911, 15.4396], "WARR": [-7.37983, 112.787003], "KBJC": [39.908798, -105.116997], "RKPK": [35.179501, 128.938004], "WBKK": [5.932743, 116.049324], "SKRG": [6.16454, -75.4231], "SBPA": [-29.993984, -51.167482], "UACC": [51.027035, 71.467094], "RKPC": [33.512058, 126.492548], "ROAH": [26.192437, 127.639804], "KSDM": [32.572639, -116.980019], "ZUCK": [29.712254, 106.651895], "VAAH": [23.0772, 72.634697], "ZSHC": [30.23609, 120.428865], "KPNE": [40.082406, -75.010614], "LOWL": [48.235362, 14.188128], "LRBS": [44.503133, 26.102944], "FALE": [-29.6144444444, 31.1197222222], "WBGG": [1.487364, 110.352859], "ZBAD": [39.501289, 116.413967], "LSGS": [46.219166, 7.326944], "LOWK": [46.642502, 14.3377], "VAPO": [18.5821, 73.919701], "SKCL": [3.542717, -76.381898], "WAAA": [-5.075539, 119.553702], "OMDW": [24.896171, 55.16235], "ZSNJ": [31.735032, 118.865949], "MMTO": [19.3369, -99.56583], "OEDF": [26.4691, 49.798209], "RJFK": [31.8034, 130.718994], "TISX": [17.701413, -64.802608], "LSZS": [46.5341, 9.88411], "KOMN": [29.300600051879883, -81.11360168457031], "TKPK": [17.310845, -62.719117], "LSGL": [46.54509, 6.616629], "WIMM": [3.637847, 98.870566], "SKBQ": [10.8896, -74.7808], "VQPR": [27.4032, 89.424599], "LIPB": [46.459245, 11.326125],