{"p05_offset": 354.75412473917186, "p95_offset": -703.4217894017675}